id,run,sentence,intent,classification,confidence,time
0,2018-11-09 09:35:27,Alternative to Facebook,Find Alternative,Find Alternative,-1.0,0
1,2018-11-09 09:35:27,How do I delete my Facebook account?,Delete Account,Delete Account,-1.0,0
2,2018-11-09 09:35:27,Are there any good Pandora alternatives with general availability outside the US?,Find Alternative,Find Alternative,-1.0,0
3,2018-11-09 09:35:27,Is it possible to export my data from Trello to back it up?,Export Data,Filter Spam,-1.0,0
4,2018-11-09 09:35:27,Is there an online alternative to iGoogle,Find Alternative,Find Alternative,-1.0,0
5,2018-11-09 09:35:27,How can I remove myself from a Trello organization?,Delete Account,Delete Account,-1.0,0
6,2018-11-09 09:35:27,How do I transfer my photos from Flickr to Picasa?,Export Data,Delete Account,-1.0,0
7,2018-11-09 09:35:27,How do I sync Google Calendar with my Outlook Calendar?,Sync Accounts,Sync Accounts,-1.0,0
8,2018-11-09 09:35:27,Archive/export all the blog entries from a RSS feed in Google Reader,Export Data,Filter Spam,-1.0,0
9,2018-11-09 09:35:27,How can I delete my 160by2 account?,Delete Account,Delete Account,-1.0,0
10,2018-11-09 09:35:27,How can I permanently delete my Yahoo mail account?,Delete Account,Delete Account,-1.0,0
11,2018-11-09 09:35:27,Deleting an account(website) from Google Analytics?,Delete Account,Find Alternative,-1.0,0
12,2018-11-09 09:35:27,How to delete my imgur account?,Delete Account,Delete Account,-1.0,0
13,2018-11-09 09:35:27,How to change my Uber password or delete the account?,Delete Account,Delete Account,-1.0,0
14,2018-11-09 09:35:27,How to delete a Sify Mail account,Delete Account,Delete Account,-1.0,0
15,2018-11-09 09:35:27,How to permanently delete a 37signals ID,Delete Account,Delete Account,-1.0,0
16,2018-11-09 09:35:27,How can I delete my Hunch account?,Delete Account,Delete Account,-1.0,0
17,2018-11-09 09:35:27,Any alternatives to Google Apps for your domain?,Find Alternative,Find Alternative,-1.0,0
18,2018-11-09 09:35:27,Evernote alternative,Find Alternative,Find Alternative,-1.0,0
19,2018-11-09 09:35:27,Alternatives to LibraryThing,Find Alternative,Find Alternative,-1.0,0
20,2018-11-09 09:35:27,What are the alternatives to Facebook/Meetup for Event Planning,Find Alternative,Find Alternative,-1.0,0
21,2018-11-09 09:35:27,Is there a free and privacy-aware alternative to Google?,Find Alternative,Find Alternative,-1.0,0
22,2018-11-09 09:35:27,What alternatives to Google Product Search exist?,Find Alternative,Find Alternative,-1.0,0
23,2018-11-09 09:35:27,Photo Sharing Site (alternative to flickr) supporting OpenID sign in?,Find Alternative,Find Alternative,-1.0,0
24,2018-11-09 09:35:27,Any good alternative to Google Alerts?,Find Alternative,Find Alternative,-1.0,0
25,2018-11-09 09:35:27,Good wireframing apps?,None,Find Alternative,-1.0,0
26,2018-11-09 09:35:27,Is there a HTML alternative to Prezi?,Find Alternative,Find Alternative,-1.0,0
27,2018-11-09 09:35:27,Any alternatives to Google Streetview?,Find Alternative,Find Alternative,-1.0,0
28,2018-11-09 09:35:27,Zencoder alternatives?,Find Alternative,Find Alternative,-1.0,0
29,2018-11-09 09:35:27,Alternatives to discontinued Google Calendar Appointment Slots,Find Alternative,Find Alternative,-1.0,0
30,2018-11-09 09:35:27,Q&A Platform similar to Stack Exchange model?,Find Alternative,Find Alternative,-1.0,0
31,2018-11-09 09:35:27,Can I Share/Sync My Picasa Web Albums Automatically to My Facebook Account?,Sync Accounts,Delete Account,-1.0,0
32,2018-11-09 09:35:27,Sync not export Facebook events with Google Apps calendar,Sync Accounts,Sync Accounts,-1.0,0
33,2018-11-09 09:35:27,How do I sync Facebook Twitter & Foursquare?,Sync Accounts,Change Password,-1.0,0
34,2018-11-09 09:35:27,Google Calendar not syncing calendars that have been added by URL with Windows 10 Calendar,Sync Accounts,Sync Accounts,-1.0,0
35,2018-11-09 09:35:27,Google Contact Synchronization on the iPhone 3G,Sync Accounts,Sync Accounts,-1.0,0
36,2018-11-09 09:35:27,Gmail user set up through Google Apps can't change their password,Change Password,Filter Spam,-1.0,0
37,2018-11-09 09:35:27,How do I change my password on ebay?,Change Password,Delete Account,-1.0,0
38,2018-11-09 09:35:27,Gmail recover password while logged in Iphone,Change Password,Change Password,-1.0,0
39,2018-11-09 09:35:27,How to retrieve forgotten Wordpress Admin password,Change Password,Change Password,-1.0,0
40,2018-11-09 09:35:27,How to retrieve a stolen Yahoo account's password?,Change Password,Delete Account,-1.0,0
41,2018-11-09 09:35:27,Users can't reset their passwords anymore on Google Apps?,Change Password,Filter Spam,-1.0,0
42,2018-11-09 09:35:27,Does moving a mail to the IMAP spam folder trains Gmail's spam filter?,Filter Spam,Filter Spam,-1.0,0
43,2018-11-09 09:35:27,How can I auto-delete some spam from Gmail?,Filter Spam,Delete Account,-1.0,0
44,2018-11-09 09:35:27,When I move spam to my inbox it goes back into the spam again,Filter Spam,Filter Spam,-1.0,0
45,2018-11-09 09:35:27,How to send messages to spam in Gmail filter?,Filter Spam,Filter Spam,-1.0,0
46,2018-11-09 09:35:27,How do I disable the spam filter in Gmail?,Filter Spam,Filter Spam,-1.0,0
47,2018-11-09 09:35:27,How to check your Gmail spam label for good emails,Filter Spam,Filter Spam,-1.0,0
48,2018-11-09 09:35:27,Mark large numbers of messages as "not spam",Filter Spam,Filter Spam,-1.0,0
49,2018-11-09 09:35:27,What are alternatives to Postini for spam filtering?,Filter Spam,Filter Spam,-1.0,0
50,2018-11-09 09:35:27,How to remove spam filter for Google Apps email,Filter Spam,Filter Spam,-1.0,0
51,2018-11-09 09:35:27,Does marking an email as spam in Gmail affect the filter for everyone?,Filter Spam,Filter Spam,-1.0,0
52,2018-11-09 09:35:27,How can I prevent/lessen event spam on Facebook?,Filter Spam,Filter Spam,-1.0,0
53,2018-11-09 09:35:27,Do emails auto-forwarded from one Gmail account to another stop if marked as spam?,Filter Spam,Filter Spam,-1.0,0
54,2018-11-09 09:35:27,Gmail's filter for SPAM folder and/or keywords in multiple fields,Filter Spam,Filter Spam,-1.0,0
55,2018-11-09 09:35:27,Get rid of Russian junk from my Gmail,Filter Spam,Filter Spam,-1.0,0
56,2018-11-09 09:35:27,Embedding stop time in a YouTube video link,None,Find Alternative,-1.0,0
57,2018-11-09 09:35:27,Is there a catch to PayPal's Premier account type?,None,Filter Spam,-1.0,0
58,2018-11-09 09:35:27,How can I get OkCupid search to show only matches within 5 miles of me?,None,Filter Spam,-1.0,0
59,2018-11-09 09:35:58,Alternative to Facebook,Find Alternative,Find Alternative,-1.0,0
60,2018-11-09 09:35:58,How do I delete my Facebook account?,Delete Account,Delete Account,-1.0,0
61,2018-11-09 09:35:58,Are there any good Pandora alternatives with general availability outside the US?,Find Alternative,Find Alternative,-1.0,0
62,2018-11-09 09:35:58,Is it possible to export my data from Trello to back it up?,Export Data,Filter Spam,-1.0,0
63,2018-11-09 09:35:58,Is there an online alternative to iGoogle,Find Alternative,Find Alternative,-1.0,0
64,2018-11-09 09:35:58,How can I remove myself from a Trello organization?,Delete Account,Delete Account,-1.0,0
65,2018-11-09 09:35:58,How do I transfer my photos from Flickr to Picasa?,Export Data,Delete Account,-1.0,0
66,2018-11-09 09:35:58,How do I sync Google Calendar with my Outlook Calendar?,Sync Accounts,Sync Accounts,-1.0,0
67,2018-11-09 09:35:58,Archive/export all the blog entries from a RSS feed in Google Reader,Export Data,Filter Spam,-1.0,0
68,2018-11-09 09:35:58,How can I delete my 160by2 account?,Delete Account,Delete Account,-1.0,0
69,2018-11-09 09:35:58,How can I permanently delete my Yahoo mail account?,Delete Account,Delete Account,-1.0,0
70,2018-11-09 09:35:58,Deleting an account(website) from Google Analytics?,Delete Account,Find Alternative,-1.0,0
71,2018-11-09 09:35:58,How to delete my imgur account?,Delete Account,Delete Account,-1.0,0
72,2018-11-09 09:35:58,How to change my Uber password or delete the account?,Delete Account,Delete Account,-1.0,0
73,2018-11-09 09:35:58,How to delete a Sify Mail account,Delete Account,Delete Account,-1.0,0
74,2018-11-09 09:35:58,How to permanently delete a 37signals ID,Delete Account,Delete Account,-1.0,0
75,2018-11-09 09:35:58,How can I delete my Hunch account?,Delete Account,Delete Account,-1.0,0
76,2018-11-09 09:35:58,Any alternatives to Google Apps for your domain?,Find Alternative,Find Alternative,-1.0,0
77,2018-11-09 09:35:58,Evernote alternative,Find Alternative,Find Alternative,-1.0,0
78,2018-11-09 09:35:58,Alternatives to LibraryThing,Find Alternative,Find Alternative,-1.0,0
79,2018-11-09 09:35:58,What are the alternatives to Facebook/Meetup for Event Planning,Find Alternative,Find Alternative,-1.0,0
80,2018-11-09 09:35:58,Is there a free and privacy-aware alternative to Google?,Find Alternative,Find Alternative,-1.0,0
81,2018-11-09 09:35:58,What alternatives to Google Product Search exist?,Find Alternative,Find Alternative,-1.0,0
82,2018-11-09 09:35:58,Photo Sharing Site (alternative to flickr) supporting OpenID sign in?,Find Alternative,Find Alternative,-1.0,0
83,2018-11-09 09:35:58,Any good alternative to Google Alerts?,Find Alternative,Find Alternative,-1.0,0
84,2018-11-09 09:35:58,Good wireframing apps?,None,Find Alternative,-1.0,0
85,2018-11-09 09:35:58,Is there a HTML alternative to Prezi?,Find Alternative,Find Alternative,-1.0,0
86,2018-11-09 09:35:58,Any alternatives to Google Streetview?,Find Alternative,Find Alternative,-1.0,0
87,2018-11-09 09:35:58,Zencoder alternatives?,Find Alternative,Find Alternative,-1.0,0
88,2018-11-09 09:35:58,Alternatives to discontinued Google Calendar Appointment Slots,Find Alternative,Find Alternative,-1.0,0
89,2018-11-09 09:35:58,Q&A Platform similar to Stack Exchange model?,Find Alternative,Find Alternative,-1.0,0
90,2018-11-09 09:35:58,Can I Share/Sync My Picasa Web Albums Automatically to My Facebook Account?,Sync Accounts,Delete Account,-1.0,0
91,2018-11-09 09:35:58,Sync not export Facebook events with Google Apps calendar,Sync Accounts,Sync Accounts,-1.0,0
92,2018-11-09 09:35:58,How do I sync Facebook Twitter & Foursquare?,Sync Accounts,Change Password,-1.0,0
93,2018-11-09 09:35:58,Google Calendar not syncing calendars that have been added by URL with Windows 10 Calendar,Sync Accounts,Sync Accounts,-1.0,0
94,2018-11-09 09:35:58,Google Contact Synchronization on the iPhone 3G,Sync Accounts,Sync Accounts,-1.0,0
95,2018-11-09 09:35:58,Gmail user set up through Google Apps can't change their password,Change Password,Filter Spam,-1.0,0
96,2018-11-09 09:35:58,How do I change my password on ebay?,Change Password,Delete Account,-1.0,0
97,2018-11-09 09:35:58,Gmail recover password while logged in Iphone,Change Password,Change Password,-1.0,0
98,2018-11-09 09:35:58,How to retrieve forgotten Wordpress Admin password,Change Password,Change Password,-1.0,0
99,2018-11-09 09:35:58,How to retrieve a stolen Yahoo account's password?,Change Password,Delete Account,-1.0,0
100,2018-11-09 09:35:58,Users can't reset their passwords anymore on Google Apps?,Change Password,Filter Spam,-1.0,0
101,2018-11-09 09:35:58,Does moving a mail to the IMAP spam folder trains Gmail's spam filter?,Filter Spam,Filter Spam,-1.0,0
102,2018-11-09 09:35:58,How can I auto-delete some spam from Gmail?,Filter Spam,Filter Spam,-1.0,0
103,2018-11-09 09:35:58,When I move spam to my inbox it goes back into the spam again,Filter Spam,Filter Spam,-1.0,0
104,2018-11-09 09:35:58,How to send messages to spam in Gmail filter?,Filter Spam,Filter Spam,-1.0,0
105,2018-11-09 09:35:58,How do I disable the spam filter in Gmail?,Filter Spam,Filter Spam,-1.0,0
106,2018-11-09 09:35:58,How to check your Gmail spam label for good emails,Filter Spam,Filter Spam,-1.0,0
107,2018-11-09 09:35:58,Mark large numbers of messages as "not spam",Filter Spam,Filter Spam,-1.0,0
108,2018-11-09 09:35:58,What are alternatives to Postini for spam filtering?,Filter Spam,Filter Spam,-1.0,0
109,2018-11-09 09:35:58,How to remove spam filter for Google Apps email,Filter Spam,Filter Spam,-1.0,0
110,2018-11-09 09:35:58,Does marking an email as spam in Gmail affect the filter for everyone?,Filter Spam,Filter Spam,-1.0,0
111,2018-11-09 09:35:58,How can I prevent/lessen event spam on Facebook?,Filter Spam,Filter Spam,-1.0,0
112,2018-11-09 09:35:58,Do emails auto-forwarded from one Gmail account to another stop if marked as spam?,Filter Spam,Filter Spam,-1.0,0
113,2018-11-09 09:35:58,Gmail's filter for SPAM folder and/or keywords in multiple fields,Filter Spam,Filter Spam,-1.0,0
114,2018-11-09 09:35:58,Get rid of Russian junk from my Gmail,Filter Spam,Filter Spam,-1.0,0
115,2018-11-09 09:35:58,Embedding stop time in a YouTube video link,None,Filter Spam,-1.0,0
116,2018-11-09 09:35:58,Is there a catch to PayPal's Premier account type?,None,Filter Spam,-1.0,0
117,2018-11-09 09:35:58,How can I get OkCupid search to show only matches within 5 miles of me?,None,Filter Spam,-1.0,0
118,2018-11-09 09:44:46,Alternative to Facebook,Find Alternative,Find Alternative,-1.0,0
119,2018-11-09 09:44:46,How do I delete my Facebook account?,Delete Account,Delete Account,-1.0,0
120,2018-11-09 09:44:46,Are there any good Pandora alternatives with general availability outside the US?,Find Alternative,Find Alternative,-1.0,0
121,2018-11-09 09:44:46,Is it possible to export my data from Trello to back it up?,Export Data,Filter Spam,-1.0,0
122,2018-11-09 09:44:46,Is there an online alternative to iGoogle,Find Alternative,Find Alternative,-1.0,0
123,2018-11-09 09:44:46,How can I remove myself from a Trello organization?,Delete Account,Delete Account,-1.0,0
124,2018-11-09 09:44:46,How do I transfer my photos from Flickr to Picasa?,Export Data,Delete Account,-1.0,0
125,2018-11-09 09:44:46,How do I sync Google Calendar with my Outlook Calendar?,Sync Accounts,Sync Accounts,-1.0,0
126,2018-11-09 09:44:46,Archive/export all the blog entries from a RSS feed in Google Reader,Export Data,Find Alternative,-1.0,0
127,2018-11-09 09:44:46,How can I delete my 160by2 account?,Delete Account,Delete Account,-1.0,0
128,2018-11-09 09:44:46,How can I permanently delete my Yahoo mail account?,Delete Account,Delete Account,-1.0,0
129,2018-11-09 09:44:46,Deleting an account(website) from Google Analytics?,Delete Account,Find Alternative,-1.0,0
130,2018-11-09 09:44:46,How to delete my imgur account?,Delete Account,Delete Account,-1.0,0
131,2018-11-09 09:44:46,How to change my Uber password or delete the account?,Delete Account,Delete Account,-1.0,0
132,2018-11-09 09:44:46,How to delete a Sify Mail account,Delete Account,Delete Account,-1.0,0
133,2018-11-09 09:44:46,How to permanently delete a 37signals ID,Delete Account,Delete Account,-1.0,0
134,2018-11-09 09:44:46,How can I delete my Hunch account?,Delete Account,Delete Account,-1.0,0
135,2018-11-09 09:44:46,Any alternatives to Google Apps for your domain?,Find Alternative,Find Alternative,-1.0,0
136,2018-11-09 09:44:46,Evernote alternative,Find Alternative,Find Alternative,-1.0,0
137,2018-11-09 09:44:46,Alternatives to LibraryThing,Find Alternative,Find Alternative,-1.0,0
138,2018-11-09 09:44:46,What are the alternatives to Facebook/Meetup for Event Planning,Find Alternative,Find Alternative,-1.0,0
139,2018-11-09 09:44:46,Is there a free and privacy-aware alternative to Google?,Find Alternative,Find Alternative,-1.0,0
140,2018-11-09 09:44:46,What alternatives to Google Product Search exist?,Find Alternative,Find Alternative,-1.0,0
141,2018-11-09 09:44:46,Photo Sharing Site (alternative to flickr) supporting OpenID sign in?,Find Alternative,Find Alternative,-1.0,0
142,2018-11-09 09:44:46,Any good alternative to Google Alerts?,Find Alternative,Find Alternative,-1.0,0
143,2018-11-09 09:44:46,Good wireframing apps?,None,Find Alternative,-1.0,0
144,2018-11-09 09:44:46,Is there a HTML alternative to Prezi?,Find Alternative,Find Alternative,-1.0,0
145,2018-11-09 09:44:46,Any alternatives to Google Streetview?,Find Alternative,Find Alternative,-1.0,0
146,2018-11-09 09:44:46,Zencoder alternatives?,Find Alternative,Find Alternative,-1.0,0
147,2018-11-09 09:44:46,Alternatives to discontinued Google Calendar Appointment Slots,Find Alternative,Find Alternative,-1.0,0
148,2018-11-09 09:44:46,Q&A Platform similar to Stack Exchange model?,Find Alternative,Find Alternative,-1.0,0
149,2018-11-09 09:44:46,Can I Share/Sync My Picasa Web Albums Automatically to My Facebook Account?,Sync Accounts,Delete Account,-1.0,0
150,2018-11-09 09:44:46,Sync not export Facebook events with Google Apps calendar,Sync Accounts,Find Alternative,-1.0,0
151,2018-11-09 09:44:46,How do I sync Facebook Twitter & Foursquare?,Sync Accounts,Delete Account,-1.0,0
152,2018-11-09 09:44:46,Google Calendar not syncing calendars that have been added by URL with Windows 10 Calendar,Sync Accounts,Sync Accounts,-1.0,0
153,2018-11-09 09:44:46,Google Contact Synchronization on the iPhone 3G,Sync Accounts,Sync Accounts,-1.0,0
154,2018-11-09 09:44:46,Gmail user set up through Google Apps can't change their password,Change Password,Filter Spam,-1.0,0
155,2018-11-09 09:44:46,How do I change my password on ebay?,Change Password,Delete Account,-1.0,0
156,2018-11-09 09:44:46,Gmail recover password while logged in Iphone,Change Password,Filter Spam,-1.0,0
157,2018-11-09 09:44:46,How to retrieve forgotten Wordpress Admin password,Change Password,Delete Account,-1.0,0
158,2018-11-09 09:44:46,How to retrieve a stolen Yahoo account's password?,Change Password,Delete Account,-1.0,0
159,2018-11-09 09:44:46,Users can't reset their passwords anymore on Google Apps?,Change Password,Find Alternative,-1.0,0
160,2018-11-09 09:44:46,Does moving a mail to the IMAP spam folder trains Gmail's spam filter?,Filter Spam,Filter Spam,-1.0,0
161,2018-11-09 09:44:46,How can I auto-delete some spam from Gmail?,Filter Spam,Filter Spam,-1.0,0
162,2018-11-09 09:44:46,When I move spam to my inbox it goes back into the spam again,Filter Spam,Filter Spam,-1.0,0
163,2018-11-09 09:44:46,How to send messages to spam in Gmail filter?,Filter Spam,Filter Spam,-1.0,0
164,2018-11-09 09:44:46,How do I disable the spam filter in Gmail?,Filter Spam,Filter Spam,-1.0,0
165,2018-11-09 09:44:46,How to check your Gmail spam label for good emails,Filter Spam,Filter Spam,-1.0,0
166,2018-11-09 09:44:46,Mark large numbers of messages as "not spam",Filter Spam,Filter Spam,-1.0,0
167,2018-11-09 09:44:46,What are alternatives to Postini for spam filtering?,Filter Spam,Filter Spam,-1.0,0
168,2018-11-09 09:44:46,How to remove spam filter for Google Apps email,Filter Spam,Filter Spam,-1.0,0
169,2018-11-09 09:44:46,Does marking an email as spam in Gmail affect the filter for everyone?,Filter Spam,Filter Spam,-1.0,0
170,2018-11-09 09:44:46,How can I prevent/lessen event spam on Facebook?,Filter Spam,Filter Spam,-1.0,0
171,2018-11-09 09:44:46,Do emails auto-forwarded from one Gmail account to another stop if marked as spam?,Filter Spam,Filter Spam,-1.0,0
172,2018-11-09 09:44:46,Gmail's filter for SPAM folder and/or keywords in multiple fields,Filter Spam,Filter Spam,-1.0,0
173,2018-11-09 09:44:46,Get rid of Russian junk from my Gmail,Filter Spam,Filter Spam,-1.0,0
174,2018-11-09 09:44:46,Embedding stop time in a YouTube video link,None,Find Alternative,-1.0,0
175,2018-11-09 09:44:46,Is there a catch to PayPal's Premier account type?,None,Find Alternative,-1.0,0
176,2018-11-09 09:44:46,How can I get OkCupid search to show only matches within 5 miles of me?,None,Find Alternative,-1.0,0
177,2018-11-09 09:45:00,Alternative to Facebook,Find Alternative,Find Alternative,-1.0,0
178,2018-11-09 09:45:00,How do I delete my Facebook account?,Delete Account,Delete Account,-1.0,0
179,2018-11-09 09:45:00,Are there any good Pandora alternatives with general availability outside the US?,Find Alternative,Find Alternative,-1.0,0
180,2018-11-09 09:45:00,Is it possible to export my data from Trello to back it up?,Export Data,Filter Spam,-1.0,0
181,2018-11-09 09:45:00,Is there an online alternative to iGoogle,Find Alternative,Find Alternative,-1.0,0
182,2018-11-09 09:45:00,How can I remove myself from a Trello organization?,Delete Account,Delete Account,-1.0,0
183,2018-11-09 09:45:00,How do I transfer my photos from Flickr to Picasa?,Export Data,Change Password,-1.0,0
184,2018-11-09 09:45:00,How do I sync Google Calendar with my Outlook Calendar?,Sync Accounts,Sync Accounts,-1.0,0
185,2018-11-09 09:45:00,Archive/export all the blog entries from a RSS feed in Google Reader,Export Data,Filter Spam,-1.0,0
186,2018-11-09 09:45:00,How can I delete my 160by2 account?,Delete Account,Delete Account,-1.0,0
187,2018-11-09 09:45:00,How can I permanently delete my Yahoo mail account?,Delete Account,Delete Account,-1.0,0
188,2018-11-09 09:45:00,Deleting an account(website) from Google Analytics?,Delete Account,Find Alternative,-1.0,0
189,2018-11-09 09:45:00,How to delete my imgur account?,Delete Account,Delete Account,-1.0,0
190,2018-11-09 09:45:00,How to change my Uber password or delete the account?,Delete Account,Delete Account,-1.0,0
191,2018-11-09 09:45:00,How to delete a Sify Mail account,Delete Account,Delete Account,-1.0,0
192,2018-11-09 09:45:00,How to permanently delete a 37signals ID,Delete Account,Delete Account,-1.0,0
193,2018-11-09 09:45:00,How can I delete my Hunch account?,Delete Account,Delete Account,-1.0,0
194,2018-11-09 09:45:00,Any alternatives to Google Apps for your domain?,Find Alternative,Find Alternative,-1.0,0
195,2018-11-09 09:45:00,Evernote alternative,Find Alternative,Find Alternative,-1.0,0
196,2018-11-09 09:45:00,Alternatives to LibraryThing,Find Alternative,Find Alternative,-1.0,0
197,2018-11-09 09:45:00,What are the alternatives to Facebook/Meetup for Event Planning,Find Alternative,Find Alternative,-1.0,0
198,2018-11-09 09:45:00,Is there a free and privacy-aware alternative to Google?,Find Alternative,Find Alternative,-1.0,0
199,2018-11-09 09:45:00,What alternatives to Google Product Search exist?,Find Alternative,Find Alternative,-1.0,0
200,2018-11-09 09:45:00,Photo Sharing Site (alternative to flickr) supporting OpenID sign in?,Find Alternative,Find Alternative,-1.0,0
201,2018-11-09 09:45:00,Any good alternative to Google Alerts?,Find Alternative,Find Alternative,-1.0,0
202,2018-11-09 09:45:00,Good wireframing apps?,None,Find Alternative,-1.0,0
203,2018-11-09 09:45:00,Is there a HTML alternative to Prezi?,Find Alternative,Find Alternative,-1.0,0
204,2018-11-09 09:45:00,Any alternatives to Google Streetview?,Find Alternative,Find Alternative,-1.0,0
205,2018-11-09 09:45:00,Zencoder alternatives?,Find Alternative,Find Alternative,-1.0,0
206,2018-11-09 09:45:00,Alternatives to discontinued Google Calendar Appointment Slots,Find Alternative,Find Alternative,-1.0,0
207,2018-11-09 09:45:00,Q&A Platform similar to Stack Exchange model?,Find Alternative,Find Alternative,-1.0,0
208,2018-11-09 09:45:00,Can I Share/Sync My Picasa Web Albums Automatically to My Facebook Account?,Sync Accounts,Sync Accounts,-1.0,0
209,2018-11-09 09:45:00,Sync not export Facebook events with Google Apps calendar,Sync Accounts,Sync Accounts,-1.0,0
210,2018-11-09 09:45:00,How do I sync Facebook Twitter & Foursquare?,Sync Accounts,Change Password,-1.0,0
211,2018-11-09 09:45:00,Google Calendar not syncing calendars that have been added by URL with Windows 10 Calendar,Sync Accounts,Sync Accounts,-1.0,0
212,2018-11-09 09:45:00,Google Contact Synchronization on the iPhone 3G,Sync Accounts,Sync Accounts,-1.0,0
213,2018-11-09 09:45:00,Gmail user set up through Google Apps can't change their password,Change Password,Filter Spam,-1.0,0
214,2018-11-09 09:45:00,How do I change my password on ebay?,Change Password,Delete Account,-1.0,0
215,2018-11-09 09:45:00,Gmail recover password while logged in Iphone,Change Password,Change Password,-1.0,0
216,2018-11-09 09:45:00,How to retrieve forgotten Wordpress Admin password,Change Password,Change Password,-1.0,0
217,2018-11-09 09:45:00,How to retrieve a stolen Yahoo account's password?,Change Password,Delete Account,-1.0,0
218,2018-11-09 09:45:00,Users can't reset their passwords anymore on Google Apps?,Change Password,Find Alternative,-1.0,0
219,2018-11-09 09:45:00,Does moving a mail to the IMAP spam folder trains Gmail's spam filter?,Filter Spam,Filter Spam,-1.0,0
220,2018-11-09 09:45:00,How can I auto-delete some spam from Gmail?,Filter Spam,Filter Spam,-1.0,0
221,2018-11-09 09:45:00,When I move spam to my inbox it goes back into the spam again,Filter Spam,Filter Spam,-1.0,0
222,2018-11-09 09:45:00,How to send messages to spam in Gmail filter?,Filter Spam,Filter Spam,-1.0,0
223,2018-11-09 09:45:00,How do I disable the spam filter in Gmail?,Filter Spam,Filter Spam,-1.0,0
224,2018-11-09 09:45:00,How to check your Gmail spam label for good emails,Filter Spam,Filter Spam,-1.0,0
225,2018-11-09 09:45:00,Mark large numbers of messages as "not spam",Filter Spam,Filter Spam,-1.0,0
226,2018-11-09 09:45:00,What are alternatives to Postini for spam filtering?,Filter Spam,Filter Spam,-1.0,0
227,2018-11-09 09:45:00,How to remove spam filter for Google Apps email,Filter Spam,Filter Spam,-1.0,0
228,2018-11-09 09:45:00,Does marking an email as spam in Gmail affect the filter for everyone?,Filter Spam,Filter Spam,-1.0,0
229,2018-11-09 09:45:00,How can I prevent/lessen event spam on Facebook?,Filter Spam,Filter Spam,-1.0,0
230,2018-11-09 09:45:00,Do emails auto-forwarded from one Gmail account to another stop if marked as spam?,Filter Spam,Filter Spam,-1.0,0
231,2018-11-09 09:45:00,Gmail's filter for SPAM folder and/or keywords in multiple fields,Filter Spam,Filter Spam,-1.0,0
232,2018-11-09 09:45:00,Get rid of Russian junk from my Gmail,Filter Spam,Filter Spam,-1.0,0
233,2018-11-09 09:45:00,Embedding stop time in a YouTube video link,None,Find Alternative,-1.0,0
234,2018-11-09 09:45:00,Is there a catch to PayPal's Premier account type?,None,Filter Spam,-1.0,0
235,2018-11-09 09:45:00,How can I get OkCupid search to show only matches within 5 miles of me?,None,Filter Spam,-1.0,0
236,2018-11-09 09:45:13,Alternative to Facebook,Find Alternative,Find Alternative,-1.0,0
237,2018-11-09 09:45:13,How do I delete my Facebook account?,Delete Account,Delete Account,-1.0,0
238,2018-11-09 09:45:13,Are there any good Pandora alternatives with general availability outside the US?,Find Alternative,Find Alternative,-1.0,0
239,2018-11-09 09:45:13,Is it possible to export my data from Trello to back it up?,Export Data,Filter Spam,-1.0,0
240,2018-11-09 09:45:13,Is there an online alternative to iGoogle,Find Alternative,Find Alternative,-1.0,0
241,2018-11-09 09:45:13,How can I remove myself from a Trello organization?,Delete Account,Delete Account,-1.0,0
242,2018-11-09 09:45:13,How do I transfer my photos from Flickr to Picasa?,Export Data,Delete Account,-1.0,0
243,2018-11-09 09:45:13,How do I sync Google Calendar with my Outlook Calendar?,Sync Accounts,Sync Accounts,-1.0,0
244,2018-11-09 09:45:13,Archive/export all the blog entries from a RSS feed in Google Reader,Export Data,Filter Spam,-1.0,0
245,2018-11-09 09:45:13,How can I delete my 160by2 account?,Delete Account,Delete Account,-1.0,0
246,2018-11-09 09:45:13,How can I permanently delete my Yahoo mail account?,Delete Account,Delete Account,-1.0,0
247,2018-11-09 09:45:13,Deleting an account(website) from Google Analytics?,Delete Account,Find Alternative,-1.0,0
248,2018-11-09 09:45:13,How to delete my imgur account?,Delete Account,Delete Account,-1.0,0
249,2018-11-09 09:45:13,How to change my Uber password or delete the account?,Delete Account,Delete Account,-1.0,0
250,2018-11-09 09:45:13,How to delete a Sify Mail account,Delete Account,Delete Account,-1.0,0
251,2018-11-09 09:45:13,How to permanently delete a 37signals ID,Delete Account,Delete Account,-1.0,0
252,2018-11-09 09:45:13,How can I delete my Hunch account?,Delete Account,Delete Account,-1.0,0
253,2018-11-09 09:45:13,Any alternatives to Google Apps for your domain?,Find Alternative,Find Alternative,-1.0,0
254,2018-11-09 09:45:13,Evernote alternative,Find Alternative,Find Alternative,-1.0,0
255,2018-11-09 09:45:13,Alternatives to LibraryThing,Find Alternative,Find Alternative,-1.0,0
256,2018-11-09 09:45:13,What are the alternatives to Facebook/Meetup for Event Planning,Find Alternative,Find Alternative,-1.0,0
257,2018-11-09 09:45:13,Is there a free and privacy-aware alternative to Google?,Find Alternative,Find Alternative,-1.0,0
258,2018-11-09 09:45:13,What alternatives to Google Product Search exist?,Find Alternative,Find Alternative,-1.0,0
259,2018-11-09 09:45:13,Photo Sharing Site (alternative to flickr) supporting OpenID sign in?,Find Alternative,Find Alternative,-1.0,0
260,2018-11-09 09:45:13,Any good alternative to Google Alerts?,Find Alternative,Find Alternative,-1.0,0
261,2018-11-09 09:45:13,Good wireframing apps?,None,Find Alternative,-1.0,0
262,2018-11-09 09:45:13,Is there a HTML alternative to Prezi?,Find Alternative,Find Alternative,-1.0,0
263,2018-11-09 09:45:13,Any alternatives to Google Streetview?,Find Alternative,Find Alternative,-1.0,0
264,2018-11-09 09:45:13,Zencoder alternatives?,Find Alternative,Find Alternative,-1.0,0
265,2018-11-09 09:45:13,Alternatives to discontinued Google Calendar Appointment Slots,Find Alternative,Find Alternative,-1.0,0
266,2018-11-09 09:45:13,Q&A Platform similar to Stack Exchange model?,Find Alternative,Find Alternative,-1.0,0
267,2018-11-09 09:45:13,Can I Share/Sync My Picasa Web Albums Automatically to My Facebook Account?,Sync Accounts,None,-1.0,0
268,2018-11-09 09:45:13,Sync not export Facebook events with Google Apps calendar,Sync Accounts,Sync Accounts,-1.0,0
269,2018-11-09 09:45:13,How do I sync Facebook Twitter & Foursquare?,Sync Accounts,Change Password,-1.0,0
270,2018-11-09 09:45:13,Google Calendar not syncing calendars that have been added by URL with Windows 10 Calendar,Sync Accounts,Sync Accounts,-1.0,0
271,2018-11-09 09:45:13,Google Contact Synchronization on the iPhone 3G,Sync Accounts,Sync Accounts,-1.0,0
272,2018-11-09 09:45:13,Gmail user set up through Google Apps can't change their password,Change Password,Filter Spam,-1.0,0
273,2018-11-09 09:45:13,How do I change my password on ebay?,Change Password,Delete Account,-1.0,0
274,2018-11-09 09:45:13,Gmail recover password while logged in Iphone,Change Password,None,-1.0,0
275,2018-11-09 09:45:13,How to retrieve forgotten Wordpress Admin password,Change Password,Change Password,-1.0,0
276,2018-11-09 09:45:13,How to retrieve a stolen Yahoo account's password?,Change Password,Delete Account,-1.0,0
277,2018-11-09 09:45:13,Users can't reset their passwords anymore on Google Apps?,Change Password,Filter Spam,-1.0,0
278,2018-11-09 09:45:13,Does moving a mail to the IMAP spam folder trains Gmail's spam filter?,Filter Spam,Filter Spam,-1.0,0
279,2018-11-09 09:45:13,How can I auto-delete some spam from Gmail?,Filter Spam,Delete Account,-1.0,0
280,2018-11-09 09:45:13,When I move spam to my inbox it goes back into the spam again,Filter Spam,Filter Spam,-1.0,0
281,2018-11-09 09:45:13,How to send messages to spam in Gmail filter?,Filter Spam,Filter Spam,-1.0,0
282,2018-11-09 09:45:13,How do I disable the spam filter in Gmail?,Filter Spam,Filter Spam,-1.0,0
283,2018-11-09 09:45:13,How to check your Gmail spam label for good emails,Filter Spam,Filter Spam,-1.0,0
284,2018-11-09 09:45:13,Mark large numbers of messages as "not spam",Filter Spam,Filter Spam,-1.0,0
285,2018-11-09 09:45:13,What are alternatives to Postini for spam filtering?,Filter Spam,Filter Spam,-1.0,0
286,2018-11-09 09:45:13,How to remove spam filter for Google Apps email,Filter Spam,Filter Spam,-1.0,0
287,2018-11-09 09:45:13,Does marking an email as spam in Gmail affect the filter for everyone?,Filter Spam,Filter Spam,-1.0,0
288,2018-11-09 09:45:13,How can I prevent/lessen event spam on Facebook?,Filter Spam,Filter Spam,-1.0,0
289,2018-11-09 09:45:13,Do emails auto-forwarded from one Gmail account to another stop if marked as spam?,Filter Spam,Filter Spam,-1.0,0
290,2018-11-09 09:45:13,Gmail's filter for SPAM folder and/or keywords in multiple fields,Filter Spam,Filter Spam,-1.0,0
291,2018-11-09 09:45:13,Get rid of Russian junk from my Gmail,Filter Spam,Filter Spam,-1.0,0
292,2018-11-09 09:45:13,Embedding stop time in a YouTube video link,None,None,-1.0,0
293,2018-11-09 09:45:13,Is there a catch to PayPal's Premier account type?,None,Filter Spam,-1.0,0
294,2018-11-09 09:45:13,How can I get OkCupid search to show only matches within 5 miles of me?,None,None,-1.0,0
295,2018-11-09 09:45:27,Alternative to Facebook,Find Alternative,Find Alternative,-1.0,0
296,2018-11-09 09:45:27,How do I delete my Facebook account?,Delete Account,Delete Account,-1.0,0
297,2018-11-09 09:45:27,Are there any good Pandora alternatives with general availability outside the US?,Find Alternative,Find Alternative,-1.0,0
298,2018-11-09 09:45:27,Is it possible to export my data from Trello to back it up?,Export Data,Filter Spam,-1.0,0
299,2018-11-09 09:45:27,Is there an online alternative to iGoogle,Find Alternative,Find Alternative,-1.0,0
300,2018-11-09 09:45:27,How can I remove myself from a Trello organization?,Delete Account,Delete Account,-1.0,0
301,2018-11-09 09:45:27,How do I transfer my photos from Flickr to Picasa?,Export Data,Change Password,-1.0,0
302,2018-11-09 09:45:27,How do I sync Google Calendar with my Outlook Calendar?,Sync Accounts,Sync Accounts,-1.0,0
303,2018-11-09 09:45:27,Archive/export all the blog entries from a RSS feed in Google Reader,Export Data,Filter Spam,-1.0,0
304,2018-11-09 09:45:27,How can I delete my 160by2 account?,Delete Account,Delete Account,-1.0,0
305,2018-11-09 09:45:27,How can I permanently delete my Yahoo mail account?,Delete Account,Delete Account,-1.0,0
306,2018-11-09 09:45:27,Deleting an account(website) from Google Analytics?,Delete Account,Find Alternative,-1.0,0
307,2018-11-09 09:45:27,How to delete my imgur account?,Delete Account,Delete Account,-1.0,0
308,2018-11-09 09:45:27,How to change my Uber password or delete the account?,Delete Account,Delete Account,-1.0,0
309,2018-11-09 09:45:27,How to delete a Sify Mail account,Delete Account,Delete Account,-1.0,0
310,2018-11-09 09:45:27,How to permanently delete a 37signals ID,Delete Account,Delete Account,-1.0,0
311,2018-11-09 09:45:27,How can I delete my Hunch account?,Delete Account,Delete Account,-1.0,0
312,2018-11-09 09:45:27,Any alternatives to Google Apps for your domain?,Find Alternative,Find Alternative,-1.0,0
313,2018-11-09 09:45:27,Evernote alternative,Find Alternative,Find Alternative,-1.0,0
314,2018-11-09 09:45:27,Alternatives to LibraryThing,Find Alternative,Find Alternative,-1.0,0
315,2018-11-09 09:45:27,What are the alternatives to Facebook/Meetup for Event Planning,Find Alternative,Find Alternative,-1.0,0
316,2018-11-09 09:45:27,Is there a free and privacy-aware alternative to Google?,Find Alternative,Find Alternative,-1.0,0
317,2018-11-09 09:45:27,What alternatives to Google Product Search exist?,Find Alternative,Find Alternative,-1.0,0
318,2018-11-09 09:45:27,Photo Sharing Site (alternative to flickr) supporting OpenID sign in?,Find Alternative,Find Alternative,-1.0,0
319,2018-11-09 09:45:27,Any good alternative to Google Alerts?,Find Alternative,Find Alternative,-1.0,0
320,2018-11-09 09:45:27,Good wireframing apps?,None,Find Alternative,-1.0,0
321,2018-11-09 09:45:27,Is there a HTML alternative to Prezi?,Find Alternative,Find Alternative,-1.0,0
322,2018-11-09 09:45:27,Any alternatives to Google Streetview?,Find Alternative,Find Alternative,-1.0,0
323,2018-11-09 09:45:27,Zencoder alternatives?,Find Alternative,Find Alternative,-1.0,0
324,2018-11-09 09:45:27,Alternatives to discontinued Google Calendar Appointment Slots,Find Alternative,Find Alternative,-1.0,0
325,2018-11-09 09:45:27,Q&A Platform similar to Stack Exchange model?,Find Alternative,Find Alternative,-1.0,0
326,2018-11-09 09:45:27,Can I Share/Sync My Picasa Web Albums Automatically to My Facebook Account?,Sync Accounts,None,-1.0,0
327,2018-11-09 09:45:27,Sync not export Facebook events with Google Apps calendar,Sync Accounts,Sync Accounts,-1.0,0
328,2018-11-09 09:45:27,How do I sync Facebook Twitter & Foursquare?,Sync Accounts,Change Password,-1.0,0
329,2018-11-09 09:45:27,Google Calendar not syncing calendars that have been added by URL with Windows 10 Calendar,Sync Accounts,Sync Accounts,-1.0,0
330,2018-11-09 09:45:27,Google Contact Synchronization on the iPhone 3G,Sync Accounts,Sync Accounts,-1.0,0
331,2018-11-09 09:45:27,Gmail user set up through Google Apps can't change their password,Change Password,Filter Spam,-1.0,0
332,2018-11-09 09:45:27,How do I change my password on ebay?,Change Password,Delete Account,-1.0,0
333,2018-11-09 09:45:27,Gmail recover password while logged in Iphone,Change Password,Change Password,-1.0,0
334,2018-11-09 09:45:27,How to retrieve forgotten Wordpress Admin password,Change Password,Change Password,-1.0,0
335,2018-11-09 09:45:27,How to retrieve a stolen Yahoo account's password?,Change Password,Delete Account,-1.0,0
336,2018-11-09 09:45:27,Users can't reset their passwords anymore on Google Apps?,Change Password,Find Alternative,-1.0,0
337,2018-11-09 09:45:27,Does moving a mail to the IMAP spam folder trains Gmail's spam filter?,Filter Spam,Filter Spam,-1.0,0
338,2018-11-09 09:45:27,How can I auto-delete some spam from Gmail?,Filter Spam,Delete Account,-1.0,0
339,2018-11-09 09:45:27,When I move spam to my inbox it goes back into the spam again,Filter Spam,Filter Spam,-1.0,0
340,2018-11-09 09:45:27,How to send messages to spam in Gmail filter?,Filter Spam,Filter Spam,-1.0,0
341,2018-11-09 09:45:27,How do I disable the spam filter in Gmail?,Filter Spam,Filter Spam,-1.0,0
342,2018-11-09 09:45:27,How to check your Gmail spam label for good emails,Filter Spam,Filter Spam,-1.0,0
343,2018-11-09 09:45:27,Mark large numbers of messages as "not spam",Filter Spam,Filter Spam,-1.0,0
344,2018-11-09 09:45:27,What are alternatives to Postini for spam filtering?,Filter Spam,Filter Spam,-1.0,0
345,2018-11-09 09:45:27,How to remove spam filter for Google Apps email,Filter Spam,Filter Spam,-1.0,0
346,2018-11-09 09:45:27,Does marking an email as spam in Gmail affect the filter for everyone?,Filter Spam,Filter Spam,-1.0,0
347,2018-11-09 09:45:27,How can I prevent/lessen event spam on Facebook?,Filter Spam,Filter Spam,-1.0,0
348,2018-11-09 09:45:27,Do emails auto-forwarded from one Gmail account to another stop if marked as spam?,Filter Spam,Filter Spam,-1.0,0
349,2018-11-09 09:45:27,Gmail's filter for SPAM folder and/or keywords in multiple fields,Filter Spam,Filter Spam,-1.0,0
350,2018-11-09 09:45:27,Get rid of Russian junk from my Gmail,Filter Spam,Filter Spam,-1.0,0
351,2018-11-09 09:45:27,Embedding stop time in a YouTube video link,None,Find Alternative,-1.0,0
352,2018-11-09 09:45:27,Is there a catch to PayPal's Premier account type?,None,Filter Spam,-1.0,0
353,2018-11-09 09:45:27,How can I get OkCupid search to show only matches within 5 miles of me?,None,Filter Spam,-1.0,0
354,2018-11-09 09:45:40,Alternative to Facebook,Find Alternative,Find Alternative,-1.0,0
355,2018-11-09 09:45:40,How do I delete my Facebook account?,Delete Account,Delete Account,-1.0,0
356,2018-11-09 09:45:40,Are there any good Pandora alternatives with general availability outside the US?,Find Alternative,Find Alternative,-1.0,0
357,2018-11-09 09:45:40,Is it possible to export my data from Trello to back it up?,Export Data,None,-1.0,0
358,2018-11-09 09:45:40,Is there an online alternative to iGoogle,Find Alternative,Find Alternative,-1.0,0
359,2018-11-09 09:45:40,How can I remove myself from a Trello organization?,Delete Account,Delete Account,-1.0,0
360,2018-11-09 09:45:40,How do I transfer my photos from Flickr to Picasa?,Export Data,Delete Account,-1.0,0
361,2018-11-09 09:45:40,How do I sync Google Calendar with my Outlook Calendar?,Sync Accounts,Sync Accounts,-1.0,0
362,2018-11-09 09:45:40,Archive/export all the blog entries from a RSS feed in Google Reader,Export Data,None,-1.0,0
363,2018-11-09 09:45:40,How can I delete my 160by2 account?,Delete Account,Delete Account,-1.0,0
364,2018-11-09 09:45:40,How can I permanently delete my Yahoo mail account?,Delete Account,Delete Account,-1.0,0
365,2018-11-09 09:45:40,Deleting an account(website) from Google Analytics?,Delete Account,Find Alternative,-1.0,0
366,2018-11-09 09:45:40,How to delete my imgur account?,Delete Account,Delete Account,-1.0,0
367,2018-11-09 09:45:40,How to change my Uber password or delete the account?,Delete Account,Delete Account,-1.0,0
368,2018-11-09 09:45:40,How to delete a Sify Mail account,Delete Account,Delete Account,-1.0,0
369,2018-11-09 09:45:40,How to permanently delete a 37signals ID,Delete Account,Delete Account,-1.0,0
370,2018-11-09 09:45:40,How can I delete my Hunch account?,Delete Account,Delete Account,-1.0,0
371,2018-11-09 09:45:40,Any alternatives to Google Apps for your domain?,Find Alternative,Find Alternative,-1.0,0
372,2018-11-09 09:45:40,Evernote alternative,Find Alternative,Find Alternative,-1.0,0
373,2018-11-09 09:45:40,Alternatives to LibraryThing,Find Alternative,Find Alternative,-1.0,0
374,2018-11-09 09:45:40,What are the alternatives to Facebook/Meetup for Event Planning,Find Alternative,Find Alternative,-1.0,0
375,2018-11-09 09:45:40,Is there a free and privacy-aware alternative to Google?,Find Alternative,Find Alternative,-1.0,0
376,2018-11-09 09:45:40,What alternatives to Google Product Search exist?,Find Alternative,Find Alternative,-1.0,0
377,2018-11-09 09:45:40,Photo Sharing Site (alternative to flickr) supporting OpenID sign in?,Find Alternative,Find Alternative,-1.0,0
378,2018-11-09 09:45:40,Any good alternative to Google Alerts?,Find Alternative,Find Alternative,-1.0,0
379,2018-11-09 09:45:40,Good wireframing apps?,None,Find Alternative,-1.0,0
380,2018-11-09 09:45:40,Is there a HTML alternative to Prezi?,Find Alternative,Find Alternative,-1.0,0
381,2018-11-09 09:45:40,Any alternatives to Google Streetview?,Find Alternative,Find Alternative,-1.0,0
382,2018-11-09 09:45:40,Zencoder alternatives?,Find Alternative,Find Alternative,-1.0,0
383,2018-11-09 09:45:40,Alternatives to discontinued Google Calendar Appointment Slots,Find Alternative,Find Alternative,-1.0,0
384,2018-11-09 09:45:40,Q&A Platform similar to Stack Exchange model?,Find Alternative,Find Alternative,-1.0,0
385,2018-11-09 09:45:40,Can I Share/Sync My Picasa Web Albums Automatically to My Facebook Account?,Sync Accounts,Delete Account,-1.0,0
386,2018-11-09 09:45:40,Sync not export Facebook events with Google Apps calendar,Sync Accounts,Sync Accounts,-1.0,0
387,2018-11-09 09:45:40,How do I sync Facebook Twitter & Foursquare?,Sync Accounts,Change Password,-1.0,0
388,2018-11-09 09:45:40,Google Calendar not syncing calendars that have been added by URL with Windows 10 Calendar,Sync Accounts,Sync Accounts,-1.0,0
389,2018-11-09 09:45:40,Google Contact Synchronization on the iPhone 3G,Sync Accounts,Sync Accounts,-1.0,0
390,2018-11-09 09:45:40,Gmail user set up through Google Apps can't change their password,Change Password,Filter Spam,-1.0,0
391,2018-11-09 09:45:40,How do I change my password on ebay?,Change Password,Delete Account,-1.0,0
392,2018-11-09 09:45:40,Gmail recover password while logged in Iphone,Change Password,None,-1.0,0
393,2018-11-09 09:45:40,How to retrieve forgotten Wordpress Admin password,Change Password,Change Password,-1.0,0
394,2018-11-09 09:45:40,How to retrieve a stolen Yahoo account's password?,Change Password,Delete Account,-1.0,0
395,2018-11-09 09:45:40,Users can't reset their passwords anymore on Google Apps?,Change Password,Find Alternative,-1.0,0
396,2018-11-09 09:45:40,Does moving a mail to the IMAP spam folder trains Gmail's spam filter?,Filter Spam,Filter Spam,-1.0,0
397,2018-11-09 09:45:40,How can I auto-delete some spam from Gmail?,Filter Spam,Delete Account,-1.0,0
398,2018-11-09 09:45:40,When I move spam to my inbox it goes back into the spam again,Filter Spam,Filter Spam,-1.0,0
399,2018-11-09 09:45:40,How to send messages to spam in Gmail filter?,Filter Spam,Filter Spam,-1.0,0
400,2018-11-09 09:45:40,How do I disable the spam filter in Gmail?,Filter Spam,Filter Spam,-1.0,0
401,2018-11-09 09:45:40,How to check your Gmail spam label for good emails,Filter Spam,Filter Spam,-1.0,0
402,2018-11-09 09:45:40,Mark large numbers of messages as "not spam",Filter Spam,Filter Spam,-1.0,0
403,2018-11-09 09:45:40,What are alternatives to Postini for spam filtering?,Filter Spam,Filter Spam,-1.0,0
404,2018-11-09 09:45:40,How to remove spam filter for Google Apps email,Filter Spam,Filter Spam,-1.0,0
405,2018-11-09 09:45:40,Does marking an email as spam in Gmail affect the filter for everyone?,Filter Spam,Filter Spam,-1.0,0
406,2018-11-09 09:45:40,How can I prevent/lessen event spam on Facebook?,Filter Spam,Filter Spam,-1.0,0
407,2018-11-09 09:45:40,Do emails auto-forwarded from one Gmail account to another stop if marked as spam?,Filter Spam,Filter Spam,-1.0,0
408,2018-11-09 09:45:40,Gmail's filter for SPAM folder and/or keywords in multiple fields,Filter Spam,Filter Spam,-1.0,0
409,2018-11-09 09:45:40,Get rid of Russian junk from my Gmail,Filter Spam,Filter Spam,-1.0,0
410,2018-11-09 09:45:40,Embedding stop time in a YouTube video link,None,None,-1.0,0
411,2018-11-09 09:45:40,Is there a catch to PayPal's Premier account type?,None,Find Alternative,-1.0,0
412,2018-11-09 09:45:40,How can I get OkCupid search to show only matches within 5 miles of me?,None,None,-1.0,0
413,2018-11-09 09:45:53,Alternative to Facebook,Find Alternative,Find Alternative,-1.0,0
414,2018-11-09 09:45:53,How do I delete my Facebook account?,Delete Account,Delete Account,-1.0,0
415,2018-11-09 09:45:53,Are there any good Pandora alternatives with general availability outside the US?,Find Alternative,Find Alternative,-1.0,0
416,2018-11-09 09:45:53,Is it possible to export my data from Trello to back it up?,Export Data,Delete Account,-1.0,0
417,2018-11-09 09:45:53,Is there an online alternative to iGoogle,Find Alternative,Find Alternative,-1.0,0
418,2018-11-09 09:45:53,How can I remove myself from a Trello organization?,Delete Account,Delete Account,-1.0,0
419,2018-11-09 09:45:53,How do I transfer my photos from Flickr to Picasa?,Export Data,Delete Account,-1.0,0
420,2018-11-09 09:45:53,How do I sync Google Calendar with my Outlook Calendar?,Sync Accounts,Sync Accounts,-1.0,0
421,2018-11-09 09:45:53,Archive/export all the blog entries from a RSS feed in Google Reader,Export Data,Delete Account,-1.0,0
422,2018-11-09 09:45:53,How can I delete my 160by2 account?,Delete Account,Delete Account,-1.0,0
423,2018-11-09 09:45:53,How can I permanently delete my Yahoo mail account?,Delete Account,Delete Account,-1.0,0
424,2018-11-09 09:45:53,Deleting an account(website) from Google Analytics?,Delete Account,Find Alternative,-1.0,0
425,2018-11-09 09:45:53,How to delete my imgur account?,Delete Account,Delete Account,-1.0,0
426,2018-11-09 09:45:53,How to change my Uber password or delete the account?,Delete Account,Delete Account,-1.0,0
427,2018-11-09 09:45:53,How to delete a Sify Mail account,Delete Account,Delete Account,-1.0,0
428,2018-11-09 09:45:53,How to permanently delete a 37signals ID,Delete Account,Delete Account,-1.0,0
429,2018-11-09 09:45:53,How can I delete my Hunch account?,Delete Account,Delete Account,-1.0,0
430,2018-11-09 09:45:53,Any alternatives to Google Apps for your domain?,Find Alternative,Find Alternative,-1.0,0
431,2018-11-09 09:45:53,Evernote alternative,Find Alternative,Find Alternative,-1.0,0
432,2018-11-09 09:45:53,Alternatives to LibraryThing,Find Alternative,Find Alternative,-1.0,0
433,2018-11-09 09:45:53,What are the alternatives to Facebook/Meetup for Event Planning,Find Alternative,Find Alternative,-1.0,0
434,2018-11-09 09:45:53,Is there a free and privacy-aware alternative to Google?,Find Alternative,Find Alternative,-1.0,0
435,2018-11-09 09:45:53,What alternatives to Google Product Search exist?,Find Alternative,Find Alternative,-1.0,0
436,2018-11-09 09:45:53,Photo Sharing Site (alternative to flickr) supporting OpenID sign in?,Find Alternative,Find Alternative,-1.0,0
437,2018-11-09 09:45:53,Any good alternative to Google Alerts?,Find Alternative,Find Alternative,-1.0,0
438,2018-11-09 09:45:53,Good wireframing apps?,None,Find Alternative,-1.0,0
439,2018-11-09 09:45:53,Is there a HTML alternative to Prezi?,Find Alternative,Find Alternative,-1.0,0
440,2018-11-09 09:45:53,Any alternatives to Google Streetview?,Find Alternative,Find Alternative,-1.0,0
441,2018-11-09 09:45:53,Zencoder alternatives?,Find Alternative,Find Alternative,-1.0,0
442,2018-11-09 09:45:53,Alternatives to discontinued Google Calendar Appointment Slots,Find Alternative,Find Alternative,-1.0,0
443,2018-11-09 09:45:53,Q&A Platform similar to Stack Exchange model?,Find Alternative,Find Alternative,-1.0,0
444,2018-11-09 09:45:53,Can I Share/Sync My Picasa Web Albums Automatically to My Facebook Account?,Sync Accounts,Delete Account,-1.0,0
445,2018-11-09 09:45:53,Sync not export Facebook events with Google Apps calendar,Sync Accounts,Sync Accounts,-1.0,0
446,2018-11-09 09:45:53,How do I sync Facebook Twitter & Foursquare?,Sync Accounts,Change Password,-1.0,0
447,2018-11-09 09:45:53,Google Calendar not syncing calendars that have been added by URL with Windows 10 Calendar,Sync Accounts,Sync Accounts,-1.0,0
448,2018-11-09 09:45:53,Google Contact Synchronization on the iPhone 3G,Sync Accounts,Sync Accounts,-1.0,0
449,2018-11-09 09:45:53,Gmail user set up through Google Apps can't change their password,Change Password,Filter Spam,-1.0,0
450,2018-11-09 09:45:53,How do I change my password on ebay?,Change Password,Delete Account,-1.0,0
451,2018-11-09 09:45:53,Gmail recover password while logged in Iphone,Change Password,Delete Account,-1.0,0
452,2018-11-09 09:45:53,How to retrieve forgotten Wordpress Admin password,Change Password,Delete Account,-1.0,0
453,2018-11-09 09:45:53,How to retrieve a stolen Yahoo account's password?,Change Password,Delete Account,-1.0,0
454,2018-11-09 09:45:53,Users can't reset their passwords anymore on Google Apps?,Change Password,Filter Spam,-1.0,0
455,2018-11-09 09:45:53,Does moving a mail to the IMAP spam folder trains Gmail's spam filter?,Filter Spam,Filter Spam,-1.0,0
456,2018-11-09 09:45:53,How can I auto-delete some spam from Gmail?,Filter Spam,Delete Account,-1.0,0
457,2018-11-09 09:45:53,When I move spam to my inbox it goes back into the spam again,Filter Spam,Filter Spam,-1.0,0
458,2018-11-09 09:45:53,How to send messages to spam in Gmail filter?,Filter Spam,Filter Spam,-1.0,0
459,2018-11-09 09:45:53,How do I disable the spam filter in Gmail?,Filter Spam,Filter Spam,-1.0,0
460,2018-11-09 09:45:53,How to check your Gmail spam label for good emails,Filter Spam,Filter Spam,-1.0,0
461,2018-11-09 09:45:53,Mark large numbers of messages as "not spam",Filter Spam,Filter Spam,-1.0,0
462,2018-11-09 09:45:53,What are alternatives to Postini for spam filtering?,Filter Spam,Find Alternative,-1.0,0
463,2018-11-09 09:45:53,How to remove spam filter for Google Apps email,Filter Spam,Filter Spam,-1.0,0
464,2018-11-09 09:45:53,Does marking an email as spam in Gmail affect the filter for everyone?,Filter Spam,Filter Spam,-1.0,0
465,2018-11-09 09:45:53,How can I prevent/lessen event spam on Facebook?,Filter Spam,Delete Account,-1.0,0
466,2018-11-09 09:45:53,Do emails auto-forwarded from one Gmail account to another stop if marked as spam?,Filter Spam,Filter Spam,-1.0,0
467,2018-11-09 09:45:53,Gmail's filter for SPAM folder and/or keywords in multiple fields,Filter Spam,Filter Spam,-1.0,0
468,2018-11-09 09:45:53,Get rid of Russian junk from my Gmail,Filter Spam,Filter Spam,-1.0,0
469,2018-11-09 09:45:53,Embedding stop time in a YouTube video link,None,Find Alternative,-1.0,0
470,2018-11-09 09:45:53,Is there a catch to PayPal's Premier account type?,None,Find Alternative,-1.0,0
471,2018-11-09 09:45:53,How can I get OkCupid search to show only matches within 5 miles of me?,None,Delete Account,-1.0,0
472,2018-11-09 09:46:07,Alternative to Facebook,Find Alternative,Find Alternative,-1.0,0
473,2018-11-09 09:46:07,How do I delete my Facebook account?,Delete Account,Delete Account,-1.0,0
474,2018-11-09 09:46:07,Are there any good Pandora alternatives with general availability outside the US?,Find Alternative,Find Alternative,-1.0,0
475,2018-11-09 09:46:07,Is it possible to export my data from Trello to back it up?,Export Data,None,-1.0,0
476,2018-11-09 09:46:07,Is there an online alternative to iGoogle,Find Alternative,Find Alternative,-1.0,0
477,2018-11-09 09:46:07,How can I remove myself from a Trello organization?,Delete Account,Filter Spam,-1.0,0
478,2018-11-09 09:46:07,How do I transfer my photos from Flickr to Picasa?,Export Data,Change Password,-1.0,0
479,2018-11-09 09:46:07,How do I sync Google Calendar with my Outlook Calendar?,Sync Accounts,Sync Accounts,-1.0,0
480,2018-11-09 09:46:07,Archive/export all the blog entries from a RSS feed in Google Reader,Export Data,Filter Spam,-1.0,0
481,2018-11-09 09:46:07,How can I delete my 160by2 account?,Delete Account,Delete Account,-1.0,0
482,2018-11-09 09:46:07,How can I permanently delete my Yahoo mail account?,Delete Account,Delete Account,-1.0,0
483,2018-11-09 09:46:07,Deleting an account(website) from Google Analytics?,Delete Account,Find Alternative,-1.0,0
484,2018-11-09 09:46:07,How to delete my imgur account?,Delete Account,Delete Account,-1.0,0
485,2018-11-09 09:46:07,How to change my Uber password or delete the account?,Delete Account,Delete Account,-1.0,0
486,2018-11-09 09:46:07,How to delete a Sify Mail account,Delete Account,Delete Account,-1.0,0
487,2018-11-09 09:46:07,How to permanently delete a 37signals ID,Delete Account,Delete Account,-1.0,0
488,2018-11-09 09:46:07,How can I delete my Hunch account?,Delete Account,Delete Account,-1.0,0
489,2018-11-09 09:46:07,Any alternatives to Google Apps for your domain?,Find Alternative,Find Alternative,-1.0,0
490,2018-11-09 09:46:07,Evernote alternative,Find Alternative,Find Alternative,-1.0,0
491,2018-11-09 09:46:07,Alternatives to LibraryThing,Find Alternative,Find Alternative,-1.0,0
492,2018-11-09 09:46:07,What are the alternatives to Facebook/Meetup for Event Planning,Find Alternative,Find Alternative,-1.0,0
493,2018-11-09 09:46:07,Is there a free and privacy-aware alternative to Google?,Find Alternative,Find Alternative,-1.0,0
494,2018-11-09 09:46:07,What alternatives to Google Product Search exist?,Find Alternative,Find Alternative,-1.0,0
495,2018-11-09 09:46:07,Photo Sharing Site (alternative to flickr) supporting OpenID sign in?,Find Alternative,Find Alternative,-1.0,0
496,2018-11-09 09:46:07,Any good alternative to Google Alerts?,Find Alternative,Find Alternative,-1.0,0
497,2018-11-09 09:46:07,Good wireframing apps?,None,Find Alternative,-1.0,0
498,2018-11-09 09:46:07,Is there a HTML alternative to Prezi?,Find Alternative,Find Alternative,-1.0,0
499,2018-11-09 09:46:07,Any alternatives to Google Streetview?,Find Alternative,Find Alternative,-1.0,0
500,2018-11-09 09:46:07,Zencoder alternatives?,Find Alternative,Find Alternative,-1.0,0
501,2018-11-09 09:46:07,Alternatives to discontinued Google Calendar Appointment Slots,Find Alternative,Find Alternative,-1.0,0
502,2018-11-09 09:46:07,Q&A Platform similar to Stack Exchange model?,Find Alternative,Find Alternative,-1.0,0
503,2018-11-09 09:46:07,Can I Share/Sync My Picasa Web Albums Automatically to My Facebook Account?,Sync Accounts,None,-1.0,0
504,2018-11-09 09:46:07,Sync not export Facebook events with Google Apps calendar,Sync Accounts,Sync Accounts,-1.0,0
505,2018-11-09 09:46:07,How do I sync Facebook Twitter & Foursquare?,Sync Accounts,Change Password,-1.0,0
506,2018-11-09 09:46:07,Google Calendar not syncing calendars that have been added by URL with Windows 10 Calendar,Sync Accounts,Sync Accounts,-1.0,0
507,2018-11-09 09:46:07,Google Contact Synchronization on the iPhone 3G,Sync Accounts,Sync Accounts,-1.0,0
508,2018-11-09 09:46:07,Gmail user set up through Google Apps can't change their password,Change Password,Filter Spam,-1.0,0
509,2018-11-09 09:46:07,How do I change my password on ebay?,Change Password,Delete Account,-1.0,0
510,2018-11-09 09:46:07,Gmail recover password while logged in Iphone,Change Password,None,-1.0,0
511,2018-11-09 09:46:07,How to retrieve forgotten Wordpress Admin password,Change Password,Change Password,-1.0,0
512,2018-11-09 09:46:07,How to retrieve a stolen Yahoo account's password?,Change Password,Delete Account,-1.0,0
513,2018-11-09 09:46:07,Users can't reset their passwords anymore on Google Apps?,Change Password,Find Alternative,-1.0,0
514,2018-11-09 09:46:07,Does moving a mail to the IMAP spam folder trains Gmail's spam filter?,Filter Spam,Filter Spam,-1.0,0
515,2018-11-09 09:46:07,How can I auto-delete some spam from Gmail?,Filter Spam,Filter Spam,-1.0,0
516,2018-11-09 09:46:07,When I move spam to my inbox it goes back into the spam again,Filter Spam,Filter Spam,-1.0,0
517,2018-11-09 09:46:07,How to send messages to spam in Gmail filter?,Filter Spam,Filter Spam,-1.0,0
518,2018-11-09 09:46:07,How do I disable the spam filter in Gmail?,Filter Spam,Filter Spam,-1.0,0
519,2018-11-09 09:46:07,How to check your Gmail spam label for good emails,Filter Spam,Filter Spam,-1.0,0
520,2018-11-09 09:46:07,Mark large numbers of messages as "not spam",Filter Spam,Filter Spam,-1.0,0
521,2018-11-09 09:46:07,What are alternatives to Postini for spam filtering?,Filter Spam,Find Alternative,-1.0,0
522,2018-11-09 09:46:07,How to remove spam filter for Google Apps email,Filter Spam,Filter Spam,-1.0,0
523,2018-11-09 09:46:07,Does marking an email as spam in Gmail affect the filter for everyone?,Filter Spam,Filter Spam,-1.0,0
524,2018-11-09 09:46:07,How can I prevent/lessen event spam on Facebook?,Filter Spam,Filter Spam,-1.0,0
525,2018-11-09 09:46:07,Do emails auto-forwarded from one Gmail account to another stop if marked as spam?,Filter Spam,Filter Spam,-1.0,0
526,2018-11-09 09:46:07,Gmail's filter for SPAM folder and/or keywords in multiple fields,Filter Spam,Filter Spam,-1.0,0
527,2018-11-09 09:46:07,Get rid of Russian junk from my Gmail,Filter Spam,Filter Spam,-1.0,0
528,2018-11-09 09:46:07,Embedding stop time in a YouTube video link,None,Find Alternative,-1.0,0
529,2018-11-09 09:46:07,Is there a catch to PayPal's Premier account type?,None,Filter Spam,-1.0,0
530,2018-11-09 09:46:07,How can I get OkCupid search to show only matches within 5 miles of me?,None,None,-1.0,0
531,2018-11-09 09:46:20,Alternative to Facebook,Find Alternative,Find Alternative,-1.0,0
532,2018-11-09 09:46:20,How do I delete my Facebook account?,Delete Account,Delete Account,-1.0,0
533,2018-11-09 09:46:20,Are there any good Pandora alternatives with general availability outside the US?,Find Alternative,Find Alternative,-1.0,0
534,2018-11-09 09:46:20,Is it possible to export my data from Trello to back it up?,Export Data,None,-1.0,0
535,2018-11-09 09:46:20,Is there an online alternative to iGoogle,Find Alternative,Find Alternative,-1.0,0
536,2018-11-09 09:46:20,How can I remove myself from a Trello organization?,Delete Account,Delete Account,-1.0,0
537,2018-11-09 09:46:20,How do I transfer my photos from Flickr to Picasa?,Export Data,Delete Account,-1.0,0
538,2018-11-09 09:46:20,How do I sync Google Calendar with my Outlook Calendar?,Sync Accounts,Sync Accounts,-1.0,0
539,2018-11-09 09:46:20,Archive/export all the blog entries from a RSS feed in Google Reader,Export Data,None,-1.0,0
540,2018-11-09 09:46:20,How can I delete my 160by2 account?,Delete Account,Delete Account,-1.0,0
541,2018-11-09 09:46:20,How can I permanently delete my Yahoo mail account?,Delete Account,Delete Account,-1.0,0
542,2018-11-09 09:46:20,Deleting an account(website) from Google Analytics?,Delete Account,Find Alternative,-1.0,0
543,2018-11-09 09:46:20,How to delete my imgur account?,Delete Account,Delete Account,-1.0,0
544,2018-11-09 09:46:20,How to change my Uber password or delete the account?,Delete Account,Delete Account,-1.0,0
545,2018-11-09 09:46:20,How to delete a Sify Mail account,Delete Account,Delete Account,-1.0,0
546,2018-11-09 09:46:20,How to permanently delete a 37signals ID,Delete Account,Delete Account,-1.0,0
547,2018-11-09 09:46:20,How can I delete my Hunch account?,Delete Account,Delete Account,-1.0,0
548,2018-11-09 09:46:20,Any alternatives to Google Apps for your domain?,Find Alternative,Find Alternative,-1.0,0
549,2018-11-09 09:46:20,Evernote alternative,Find Alternative,Find Alternative,-1.0,0
550,2018-11-09 09:46:20,Alternatives to LibraryThing,Find Alternative,Find Alternative,-1.0,0
551,2018-11-09 09:46:20,What are the alternatives to Facebook/Meetup for Event Planning,Find Alternative,Find Alternative,-1.0,0
552,2018-11-09 09:46:20,Is there a free and privacy-aware alternative to Google?,Find Alternative,Find Alternative,-1.0,0
553,2018-11-09 09:46:20,What alternatives to Google Product Search exist?,Find Alternative,Find Alternative,-1.0,0
554,2018-11-09 09:46:20,Photo Sharing Site (alternative to flickr) supporting OpenID sign in?,Find Alternative,Find Alternative,-1.0,0
555,2018-11-09 09:46:20,Any good alternative to Google Alerts?,Find Alternative,Find Alternative,-1.0,0
556,2018-11-09 09:46:20,Good wireframing apps?,None,Find Alternative,-1.0,0
557,2018-11-09 09:46:20,Is there a HTML alternative to Prezi?,Find Alternative,Find Alternative,-1.0,0
558,2018-11-09 09:46:20,Any alternatives to Google Streetview?,Find Alternative,Find Alternative,-1.0,0
559,2018-11-09 09:46:20,Zencoder alternatives?,Find Alternative,Find Alternative,-1.0,0
560,2018-11-09 09:46:20,Alternatives to discontinued Google Calendar Appointment Slots,Find Alternative,Find Alternative,-1.0,0
561,2018-11-09 09:46:20,Q&A Platform similar to Stack Exchange model?,Find Alternative,Find Alternative,-1.0,0
562,2018-11-09 09:46:20,Can I Share/Sync My Picasa Web Albums Automatically to My Facebook Account?,Sync Accounts,Delete Account,-1.0,0
563,2018-11-09 09:46:20,Sync not export Facebook events with Google Apps calendar,Sync Accounts,Sync Accounts,-1.0,0
564,2018-11-09 09:46:20,How do I sync Facebook Twitter & Foursquare?,Sync Accounts,Change Password,-1.0,0
565,2018-11-09 09:46:20,Google Calendar not syncing calendars that have been added by URL with Windows 10 Calendar,Sync Accounts,Sync Accounts,-1.0,0
566,2018-11-09 09:46:20,Google Contact Synchronization on the iPhone 3G,Sync Accounts,Sync Accounts,-1.0,0
567,2018-11-09 09:46:20,Gmail user set up through Google Apps can't change their password,Change Password,Filter Spam,-1.0,0
568,2018-11-09 09:46:20,How do I change my password on ebay?,Change Password,Delete Account,-1.0,0
569,2018-11-09 09:46:20,Gmail recover password while logged in Iphone,Change Password,None,-1.0,0
570,2018-11-09 09:46:20,How to retrieve forgotten Wordpress Admin password,Change Password,Delete Account,-1.0,0
571,2018-11-09 09:46:20,How to retrieve a stolen Yahoo account's password?,Change Password,Delete Account,-1.0,0
572,2018-11-09 09:46:20,Users can't reset their passwords anymore on Google Apps?,Change Password,Find Alternative,-1.0,0
573,2018-11-09 09:46:20,Does moving a mail to the IMAP spam folder trains Gmail's spam filter?,Filter Spam,Filter Spam,-1.0,0
574,2018-11-09 09:46:20,How can I auto-delete some spam from Gmail?,Filter Spam,Delete Account,-1.0,0
575,2018-11-09 09:46:20,When I move spam to my inbox it goes back into the spam again,Filter Spam,Filter Spam,-1.0,0
576,2018-11-09 09:46:20,How to send messages to spam in Gmail filter?,Filter Spam,Filter Spam,-1.0,0
577,2018-11-09 09:46:20,How do I disable the spam filter in Gmail?,Filter Spam,Filter Spam,-1.0,0
578,2018-11-09 09:46:20,How to check your Gmail spam label for good emails,Filter Spam,Filter Spam,-1.0,0
579,2018-11-09 09:46:20,Mark large numbers of messages as "not spam",Filter Spam,Filter Spam,-1.0,0
580,2018-11-09 09:46:20,What are alternatives to Postini for spam filtering?,Filter Spam,Find Alternative,-1.0,0
581,2018-11-09 09:46:20,How to remove spam filter for Google Apps email,Filter Spam,Filter Spam,-1.0,0
582,2018-11-09 09:46:20,Does marking an email as spam in Gmail affect the filter for everyone?,Filter Spam,Filter Spam,-1.0,0
583,2018-11-09 09:46:20,How can I prevent/lessen event spam on Facebook?,Filter Spam,Filter Spam,-1.0,0
584,2018-11-09 09:46:20,Do emails auto-forwarded from one Gmail account to another stop if marked as spam?,Filter Spam,Filter Spam,-1.0,0
585,2018-11-09 09:46:20,Gmail's filter for SPAM folder and/or keywords in multiple fields,Filter Spam,Filter Spam,-1.0,0
586,2018-11-09 09:46:20,Get rid of Russian junk from my Gmail,Filter Spam,Filter Spam,-1.0,0
587,2018-11-09 09:46:20,Embedding stop time in a YouTube video link,None,None,-1.0,0
588,2018-11-09 09:46:20,Is there a catch to PayPal's Premier account type?,None,Filter Spam,-1.0,0
589,2018-11-09 09:46:20,How can I get OkCupid search to show only matches within 5 miles of me?,None,None,-1.0,0
590,2018-11-13 17:16:35,Alternative to Facebook,Find Alternative,Find Alternative,0.549,0
591,2018-11-13 17:17:18,Alternative to Facebook,Find Alternative,Find Alternative,0.549,0
592,2018-11-13 17:17:50,Alternative to Facebook,Find Alternative,Find Alternative,0.614,0
593,2018-11-13 17:19:14,Alternative to Facebook,Find Alternative,Find Alternative,0.535,0
594,2018-11-13 17:20:17,Alternative to Facebook,Find Alternative,Find Alternative,0.584,0
595,2018-11-13 17:20:17,How do I delete my Facebook account?,Delete Account,Delete Account,0.713,0
596,2018-11-13 17:20:58,Alternative to Facebook,Find Alternative,Find Alternative,0.537,0
597,2018-11-13 17:20:58,How do I delete my Facebook account?,Delete Account,Delete Account,0.686,0
598,2018-11-13 17:20:58,Are there any good Pandora alternatives with general availability outside the US?,Find Alternative,Find Alternative,0.481,0
599,2018-11-13 17:20:58,Is it possible to export my data from Trello to back it up?,Export Data,Filter Spam,0.211,0
600,2018-11-13 17:20:58,Is there an online alternative to iGoogle,Find Alternative,Find Alternative,0.414,0
601,2018-11-13 17:20:58,How can I remove myself from a Trello organization?,Delete Account,Delete Account,0.229,0
602,2018-11-13 17:20:58,How do I transfer my photos from Flickr to Picasa?,Export Data,Delete Account,0.205,0
603,2018-11-13 17:20:58,How do I sync Google Calendar with my Outlook Calendar?,Sync Accounts,Sync Accounts,0.33,0
604,2018-11-13 17:20:58,Archive/export all the blog entries from a RSS feed in Google Reader,Export Data,Filter Spam,0.202,0
605,2018-11-13 17:20:58,How can I delete my 160by2 account?,Delete Account,Delete Account,0.572,0
606,2018-11-13 17:20:58,How can I permanently delete my Yahoo mail account?,Delete Account,Delete Account,0.464,0
607,2018-11-13 17:20:58,Deleting an account(website) from Google Analytics?,Delete Account,Find Alternative,0.275,0
608,2018-11-13 17:20:58,How to delete my imgur account?,Delete Account,Delete Account,0.511,0
609,2018-11-13 17:20:58,How to change my Uber password or delete the account?,Delete Account,Delete Account,0.331,0
610,2018-11-13 17:20:58,How to delete a Sify Mail account,Delete Account,Delete Account,0.39,0
611,2018-11-13 17:20:58,How to permanently delete a 37signals ID,Delete Account,Delete Account,0.456,0
612,2018-11-13 17:20:58,How can I delete my Hunch account?,Delete Account,Delete Account,0.605,0
613,2018-11-13 17:20:58,Any alternatives to Google Apps for your domain?,Find Alternative,Find Alternative,0.446,0
614,2018-11-13 17:20:58,Evernote alternative,Find Alternative,Find Alternative,0.75,0
615,2018-11-13 17:20:58,Alternatives to LibraryThing,Find Alternative,Find Alternative,0.662,0
616,2018-11-13 17:20:58,What are the alternatives to Facebook/Meetup for Event Planning,Find Alternative,Find Alternative,0.391,0
617,2018-11-13 17:20:58,Is there a free and privacy-aware alternative to Google?,Find Alternative,Find Alternative,0.387,0
618,2018-11-13 17:20:58,What alternatives to Google Product Search exist?,Find Alternative,Find Alternative,0.529,0
619,2018-11-13 17:20:58,Photo Sharing Site (alternative to flickr) supporting OpenID sign in?,Find Alternative,Find Alternative,0.465,0
620,2018-11-13 17:20:58,Any good alternative to Google Alerts?,Find Alternative,Find Alternative,0.436,0
621,2018-11-13 17:20:58,Good wireframing apps?,None,Find Alternative,0.473,0
622,2018-11-13 17:21:59,Alternative to Facebook,Find Alternative,Find Alternative,0.539,0
623,2018-11-13 17:21:59,How do I delete my Facebook account?,Delete Account,Delete Account,0.69,0
624,2018-11-13 17:21:59,Are there any good Pandora alternatives with general availability outside the US?,Find Alternative,Find Alternative,0.494,0
625,2018-11-13 17:21:59,Is it possible to export my data from Trello to back it up?,Export Data,Filter Spam,0.203,0
626,2018-11-13 17:21:59,Is there an online alternative to iGoogle,Find Alternative,Find Alternative,0.454,0
627,2018-11-13 17:21:59,How can I remove myself from a Trello organization?,Delete Account,Delete Account,0.241,0
628,2018-11-13 17:21:59,How do I transfer my photos from Flickr to Picasa?,Export Data,Delete Account,0.234,0
629,2018-11-13 17:21:59,How do I sync Google Calendar with my Outlook Calendar?,Sync Accounts,Sync Accounts,0.324,0
630,2018-11-13 17:21:59,Archive/export all the blog entries from a RSS feed in Google Reader,Export Data,Filter Spam,0.196,0
631,2018-11-13 17:21:59,How can I delete my 160by2 account?,Delete Account,Delete Account,0.568,0
632,2018-11-13 17:21:59,How can I permanently delete my Yahoo mail account?,Delete Account,Delete Account,0.468,0
633,2018-11-13 17:21:59,Deleting an account(website) from Google Analytics?,Delete Account,Find Alternative,0.29,0
634,2018-11-13 17:21:59,How to delete my imgur account?,Delete Account,Delete Account,0.493,0
635,2018-11-13 17:21:59,How to change my Uber password or delete the account?,Delete Account,Delete Account,0.328,0
636,2018-11-13 17:21:59,How to delete a Sify Mail account,Delete Account,Delete Account,0.403,0
637,2018-11-13 17:21:59,How to permanently delete a 37signals ID,Delete Account,Delete Account,0.466,0
638,2018-11-13 17:21:59,How can I delete my Hunch account?,Delete Account,Delete Account,0.589,0
639,2018-11-13 17:21:59,Any alternatives to Google Apps for your domain?,Find Alternative,Find Alternative,0.45,0
640,2018-11-13 17:21:59,Evernote alternative,Find Alternative,Find Alternative,0.73,0
641,2018-11-13 17:21:59,Alternatives to LibraryThing,Find Alternative,Find Alternative,0.656,0
642,2018-11-13 17:21:59,What are the alternatives to Facebook/Meetup for Event Planning,Find Alternative,Find Alternative,0.401,0
643,2018-11-13 17:21:59,Is there a free and privacy-aware alternative to Google?,Find Alternative,Find Alternative,0.412,0
644,2018-11-13 17:21:59,What alternatives to Google Product Search exist?,Find Alternative,Find Alternative,0.521,0
645,2018-11-13 17:21:59,Photo Sharing Site (alternative to flickr) supporting OpenID sign in?,Find Alternative,Find Alternative,0.483,0
646,2018-11-13 17:21:59,Any good alternative to Google Alerts?,Find Alternative,Find Alternative,0.443,0
647,2018-11-13 17:21:59,Good wireframing apps?,None,Find Alternative,0.497,0
648,2018-11-13 17:21:59,Is there a HTML alternative to Prezi?,Find Alternative,Find Alternative,0.442,0
649,2018-11-13 17:21:59,Any alternatives to Google Streetview?,Find Alternative,Find Alternative,0.554,0
650,2018-11-13 17:21:59,Zencoder alternatives?,Find Alternative,Find Alternative,0.734,0
651,2018-11-13 17:21:59,Alternatives to discontinued Google Calendar Appointment Slots,Find Alternative,Find Alternative,0.333,0
652,2018-11-13 17:21:59,Q&A Platform similar to Stack Exchange model?,Find Alternative,Find Alternative,0.258,0
653,2018-11-13 17:21:59,Can I Share/Sync My Picasa Web Albums Automatically to My Facebook Account?,Sync Accounts,Delete Account,0.221,0
654,2018-11-13 17:21:59,Sync not export Facebook events with Google Apps calendar,Sync Accounts,Sync Accounts,0.236,0
655,2018-11-13 17:21:59,How do I sync Facebook Twitter & Foursquare?,Sync Accounts,Change Password,0.236,0
656,2018-11-13 17:21:59,Google Calendar not syncing calendars that have been added by URL with Windows 10 Calendar,Sync Accounts,Sync Accounts,0.28,0
657,2018-11-13 17:21:59,Google Contact Synchronization on the iPhone 3G,Sync Accounts,Sync Accounts,0.305,0
658,2018-11-13 17:21:59,Gmail user set up through Google Apps can't change their password,Change Password,Filter Spam,0.202,0
659,2018-11-13 17:21:59,How do I change my password on ebay?,Change Password,Delete Account,0.231,0
660,2018-11-13 17:21:59,Gmail recover password while logged in Iphone,Change Password,Change Password,0.158,0
661,2018-11-13 17:21:59,How to retrieve forgotten Wordpress Admin password,Change Password,Change Password,0.21,0
662,2018-11-13 17:21:59,How to retrieve a stolen Yahoo account's password?,Change Password,Delete Account,0.266,0
663,2018-11-13 17:21:59,Users can't reset their passwords anymore on Google Apps?,Change Password,Filter Spam,0.171,0
664,2018-11-13 17:21:59,Does moving a mail to the IMAP spam folder trains Gmail's spam filter?,Filter Spam,Filter Spam,0.511,0
665,2018-11-13 17:21:59,How can I auto-delete some spam from Gmail?,Filter Spam,Delete Account,0.278,0
666,2018-11-13 17:21:59,When I move spam to my inbox it goes back into the spam again,Filter Spam,Filter Spam,0.392,0
667,2018-11-13 17:21:59,How to send messages to spam in Gmail filter?,Filter Spam,Filter Spam,0.49,0
668,2018-11-13 17:21:59,How do I disable the spam filter in Gmail?,Filter Spam,Filter Spam,0.343,0
669,2018-11-13 17:21:59,How to check your Gmail spam label for good emails,Filter Spam,Filter Spam,0.38,0
670,2018-11-13 17:21:59,Mark large numbers of messages as "not spam",Filter Spam,Filter Spam,0.487,0
671,2018-11-13 17:21:59,What are alternatives to Postini for spam filtering?,Filter Spam,Find Alternative,0.318,0
672,2018-11-13 17:21:59,How to remove spam filter for Google Apps email,Filter Spam,Filter Spam,0.439,0
673,2018-11-13 17:21:59,Does marking an email as spam in Gmail affect the filter for everyone?,Filter Spam,Filter Spam,0.413,0
674,2018-11-13 17:21:59,How can I prevent/lessen event spam on Facebook?,Filter Spam,Filter Spam,0.23,0
675,2018-11-13 17:21:59,Do emails auto-forwarded from one Gmail account to another stop if marked as spam?,Filter Spam,Filter Spam,0.336,0
676,2018-11-13 17:21:59,Gmail's filter for SPAM folder and/or keywords in multiple fields,Filter Spam,Filter Spam,0.425,0
677,2018-11-13 17:21:59,Get rid of Russian junk from my Gmail,Filter Spam,Filter Spam,0.272,0
678,2018-11-13 17:21:59,Embedding stop time in a YouTube video link,None,None,0.192,0
679,2018-11-13 17:21:59,Is there a catch to PayPal's Premier account type?,None,Filter Spam,0.218,0
680,2018-11-13 17:21:59,How can I get OkCupid search to show only matches within 5 miles of me?,None,None,0.178,0
681,2018-11-13 17:23:15,Alternative to Facebook,Find Alternative,Find Alternative,0.533,0
682,2018-11-13 17:23:15,How do I delete my Facebook account?,Delete Account,Delete Account,0.703,0
683,2018-11-13 17:23:15,Are there any good Pandora alternatives with general availability outside the US?,Find Alternative,Find Alternative,0.487,0
684,2018-11-13 17:23:15,Is it possible to export my data from Trello to back it up?,Export Data,Filter Spam,0.207,0
685,2018-11-13 17:23:15,Is there an online alternative to iGoogle,Find Alternative,Find Alternative,0.467,0
686,2018-11-13 17:23:15,How can I remove myself from a Trello organization?,Delete Account,Delete Account,0.229,0
687,2018-11-13 17:23:15,How do I transfer my photos from Flickr to Picasa?,Export Data,Delete Account,0.223,0
688,2018-11-13 17:23:15,How do I sync Google Calendar with my Outlook Calendar?,Sync Accounts,Sync Accounts,0.322,0
689,2018-11-13 17:23:15,Archive/export all the blog entries from a RSS feed in Google Reader,Export Data,Filter Spam,0.196,0
690,2018-11-13 17:23:15,How can I delete my 160by2 account?,Delete Account,Delete Account,0.588,0
691,2018-11-13 17:23:15,How can I permanently delete my Yahoo mail account?,Delete Account,Delete Account,0.481,0
692,2018-11-13 17:23:15,Deleting an account(website) from Google Analytics?,Delete Account,Find Alternative,0.296,0
693,2018-11-13 17:23:15,How to delete my imgur account?,Delete Account,Delete Account,0.537,0
694,2018-11-13 17:23:15,How to change my Uber password or delete the account?,Delete Account,Delete Account,0.35,0
695,2018-11-13 17:23:15,How to delete a Sify Mail account,Delete Account,Delete Account,0.395,0
696,2018-11-13 17:23:15,How to permanently delete a 37signals ID,Delete Account,Delete Account,0.447,0
697,2018-11-13 17:23:15,How can I delete my Hunch account?,Delete Account,Delete Account,0.629,0
698,2018-11-13 17:23:15,Any alternatives to Google Apps for your domain?,Find Alternative,Find Alternative,0.444,0
699,2018-11-13 17:23:15,Evernote alternative,Find Alternative,Find Alternative,0.723,0
700,2018-11-13 17:23:15,Alternatives to LibraryThing,Find Alternative,Find Alternative,0.64,0
701,2018-11-13 17:23:15,What are the alternatives to Facebook/Meetup for Event Planning,Find Alternative,Find Alternative,0.392,0
702,2018-11-13 17:23:15,Is there a free and privacy-aware alternative to Google?,Find Alternative,Find Alternative,0.415,0
703,2018-11-13 17:23:15,What alternatives to Google Product Search exist?,Find Alternative,Find Alternative,0.498,0
704,2018-11-13 17:23:15,Photo Sharing Site (alternative to flickr) supporting OpenID sign in?,Find Alternative,Find Alternative,0.479,0
705,2018-11-13 17:23:15,Any good alternative to Google Alerts?,Find Alternative,Find Alternative,0.439,0
706,2018-11-13 17:23:15,Good wireframing apps?,None,Find Alternative,0.462,0
707,2018-11-13 17:23:15,Is there a HTML alternative to Prezi?,Find Alternative,Find Alternative,0.444,0
708,2018-11-13 17:23:15,Any alternatives to Google Streetview?,Find Alternative,Find Alternative,0.534,0
709,2018-11-13 17:23:15,Zencoder alternatives?,Find Alternative,Find Alternative,0.724,0
710,2018-11-13 17:23:15,Alternatives to discontinued Google Calendar Appointment Slots,Find Alternative,Find Alternative,0.367,0
711,2018-11-13 17:23:15,Q&A Platform similar to Stack Exchange model?,Find Alternative,Find Alternative,0.266,0
712,2018-11-13 17:23:15,Can I Share/Sync My Picasa Web Albums Automatically to My Facebook Account?,Sync Accounts,Delete Account,0.207,0
713,2018-11-13 17:23:15,Sync not export Facebook events with Google Apps calendar,Sync Accounts,Sync Accounts,0.236,0
714,2018-11-13 17:23:15,How do I sync Facebook Twitter & Foursquare?,Sync Accounts,Change Password,0.227,0
715,2018-11-13 17:23:15,Google Calendar not syncing calendars that have been added by URL with Windows 10 Calendar,Sync Accounts,Sync Accounts,0.279,0
716,2018-11-13 17:23:15,Google Contact Synchronization on the iPhone 3G,Sync Accounts,Sync Accounts,0.309,0
717,2018-11-13 17:23:15,Gmail user set up through Google Apps can't change their password,Change Password,Filter Spam,0.203,0
718,2018-11-13 17:23:15,How do I change my password on ebay?,Change Password,Delete Account,0.239,0
719,2018-11-13 17:23:15,Gmail recover password while logged in Iphone,Change Password,Change Password,0.158,0
720,2018-11-13 17:23:15,How to retrieve forgotten Wordpress Admin password,Change Password,Change Password,0.209,0
721,2018-11-13 17:23:15,How to retrieve a stolen Yahoo account's password?,Change Password,Delete Account,0.271,0
722,2018-11-13 17:23:15,Users can't reset their passwords anymore on Google Apps?,Change Password,Filter Spam,0.173,0
723,2018-11-13 17:23:15,Does moving a mail to the IMAP spam folder trains Gmail's spam filter?,Filter Spam,Filter Spam,0.52,0
724,2018-11-13 17:23:15,How can I auto-delete some spam from Gmail?,Filter Spam,Delete Account,0.259,0
725,2018-11-13 17:23:15,When I move spam to my inbox it goes back into the spam again,Filter Spam,Filter Spam,0.4,0
726,2018-11-13 17:23:15,How to send messages to spam in Gmail filter?,Filter Spam,Filter Spam,0.503,0
727,2018-11-13 17:23:15,How do I disable the spam filter in Gmail?,Filter Spam,Filter Spam,0.355,0
728,2018-11-13 17:23:15,How to check your Gmail spam label for good emails,Filter Spam,Filter Spam,0.39,0
729,2018-11-13 17:23:15,Mark large numbers of messages as "not spam",Filter Spam,Filter Spam,0.486,0
730,2018-11-13 17:23:15,What are alternatives to Postini for spam filtering?,Filter Spam,Filter Spam,0.323,0
731,2018-11-13 17:23:15,How to remove spam filter for Google Apps email,Filter Spam,Filter Spam,0.447,0
732,2018-11-13 17:23:15,Does marking an email as spam in Gmail affect the filter for everyone?,Filter Spam,Filter Spam,0.418,0
733,2018-11-13 17:23:15,How can I prevent/lessen event spam on Facebook?,Filter Spam,Filter Spam,0.238,0
734,2018-11-13 17:23:15,Do emails auto-forwarded from one Gmail account to another stop if marked as spam?,Filter Spam,Filter Spam,0.347,0
735,2018-11-13 17:23:15,Gmail's filter for SPAM folder and/or keywords in multiple fields,Filter Spam,Filter Spam,0.436,0
736,2018-11-13 17:23:15,Get rid of Russian junk from my Gmail,Filter Spam,Filter Spam,0.276,0
737,2018-11-13 17:23:15,Embedding stop time in a YouTube video link,None,None,0.184,0
738,2018-11-13 17:23:15,Is there a catch to PayPal's Premier account type?,None,Filter Spam,0.221,0
739,2018-11-13 17:23:15,How can I get OkCupid search to show only matches within 5 miles of me?,None,Filter Spam,0.178,0
